Date,SP500,NASDAQ,NIFTY,BRENT,WTI,GOLD,VIX,USD_INR
2026-01-01,,,26146.55078125,,,,,
2026-01-02,6858.47021484375,23235.630859375,26328.55078125,60.75,57.31999969482422,4314.39990234375,14.510000228881836,89.96189880371094
2026-01-05,6902.0498046875,23395.8203125,26250.30078125,61.7599983215332,58.31999969482422,4436.89990234375,14.899999618530273,90.00700378417969
2026-01-06,6944.81982421875,23547.169921875,26178.69921875,60.70000076293945,57.130001068115234,4482.2001953125,14.75,90.23300170898438
2026-01-07,6920.93017578125,23584.279296875,26140.75,59.959999084472656,55.9900016784668,4449.2998046875,15.380000114440918,90.16609954833984
2026-01-08,6921.4599609375,23480.01953125,25876.849609375,61.9900016784668,57.7599983215332,4449.7001953125,15.449999809265137,89.8644027709961
2026-01-09,6966.27978515625,23671.349609375,25683.30078125,63.34000015258789,59.119998931884766,4490.2998046875,14.489999771118164,89.90540313720703
2026-01-12,6977.27001953125,23733.900390625,25790.25,63.869998931884766,59.5,4604.2998046875,15.119999885559082,90.23600006103516
2026-01-13,6963.740234375,23709.869140625,25732.30078125,65.47000122070312,61.150001525878906,4589.2001953125,15.979999542236328,90.13269805908203
2026-01-14,6926.60009765625,23471.75,25665.599609375,66.5199966430664,62.02000045776367,4626.2998046875,16.75,90.27300262451172
2026-01-15,6944.47021484375,23530.01953125,,63.7599983215332,59.189998626708984,4616.2998046875,15.84000015258789,90.18319702148438
2026-01-16,6940.009765625,23515.390625,25694.349609375,64.12999725341797,59.439998626708984,4588.39990234375,15.859999656677246,90.36160278320312
2026-01-19,,,25585.5,,,,,90.7020034790039
2026-01-20,6796.85986328125,22954.3203125,25232.5,64.91999816894531,60.34000015258789,4759.60009765625,20.09000015258789,90.90450286865234
2026-01-21,6875.6201171875,23224.8203125,25157.5,65.23999786376953,60.619998931884766,4831.7998046875,16.899999618530273,91.11840057373047
2026-01-22,6913.35009765625,23436.01953125,25289.900390625,64.05999755859375,59.36000061035156,4908.7998046875,15.640000343322754,91.53690338134766
2026-01-23,6915.60986328125,23501.240234375,25048.650390625,65.87999725341797,61.06999969482422,4976.2001953125,16.09000015258789,91.55829620361328
2026-01-26,6950.22998046875,23601.359375,,65.58999633789062,60.630001068115234,5079.7001953125,16.149999618530273,91.5009994506836
2026-01-27,6978.60009765625,23817.099609375,25175.400390625,67.56999969482422,62.38999938964844,5079.89990234375,16.350000381469727,91.71309661865234
2026-01-28,6978.02978515625,23857.44921875,25342.75,68.4000015258789,63.209999084472656,5301.60009765625,16.350000381469727,91.5343017578125
2026-01-29,6969.009765625,23685.119140625,25418.900390625,70.70999908447266,65.41999816894531,5318.39990234375,16.8799991607666,92.04080200195312
2026-01-30,6939.02978515625,23461.8203125,25320.650390625,70.69000244140625,65.20999908447266,4713.89990234375,17.440000534057617,91.78189849853516
2026-02-02,6976.43994140625,23592.109375,25088.400390625,66.30000305175781,62.13999938964844,4622.5,16.34000015258789,91.68699645996094
2026-02-03,6917.81005859375,23255.189453125,25727.55078125,67.33000183105469,63.209999084472656,4903.7001953125,18.0,90.24559783935547
2026-02-04,6882.72021484375,22904.580078125,25776.0,69.45999908447266,65.13999938964844,4920.39990234375,18.639999389648438,90.42289733886719
2026-02-05,6798.39990234375,22540.58984375,25642.80078125,67.55000305175781,63.290000915527344,4861.39990234375,21.770000457763672,90.125
2026-02-06,6932.2998046875,23031.2109375,25693.69921875,68.05000305175781,63.54999923706055,4951.2001953125,20.3700008392334,90.3147964477539
2026-02-09,6964.81982421875,23238.669921875,25867.30078125,69.04000091552734,64.36000061035156,5050.89990234375,17.360000610351562,90.58799743652344
2026-02-10,6941.81005859375,23102.470703125,25935.150390625,68.80000305175781,63.959999084472656,5003.7998046875,17.790000915527344,90.82279968261719
2026-02-11,6941.47021484375,23066.470703125,25953.849609375,69.4000015258789,64.62999725341797,5071.60009765625,17.649999618530273,90.58789825439453
2026-02-12,6832.759765625,22597.150390625,25807.19921875,67.5199966430664,62.84000015258789,4923.7001953125,20.81999969482422,90.73570251464844
2026-02-13,6836.169921875,22546.669921875,25471.099609375,67.75,62.88999938964844,5022.0,20.600000381469727,90.56410217285156
2026-02-16,,,25682.75,,,,,90.57119750976562
2026-02-17,6843.22021484375,22578.380859375,25725.400390625,67.41999816894531,62.33000183105469,4882.89990234375,20.290000915527344,90.78299713134766
2026-02-18,6881.31005859375,22753.630859375,25819.349609375,70.3499984741211,65.19000244140625,4986.5,19.6200008392334,90.6261978149414
2026-02-19,6861.89013671875,22682.73046875,25454.349609375,71.66000366210938,66.43000030517578,4975.89990234375,20.229999542236328,90.79350280761719
2026-02-20,6909.509765625,22886.0703125,25571.25,71.76000213623047,66.38999938964844,5059.2998046875,19.09000015258789,91.04109954833984
2026-02-23,6837.75,22627.26953125,25713.0,71.48999786376953,66.30999755859375,5204.7001953125,21.010000228881836,90.72660064697266
2026-02-24,6890.06982421875,22863.6796875,25424.650390625,70.7699966430664,65.62999725341797,5155.7998046875,19.549999237060547,91.02010345458984
2026-02-25,6946.1298828125,23152.080078125,25482.5,70.8499984741211,65.41999816894531,5206.39990234375,17.93000030517578,90.91799926757812
2026-02-26,6908.85986328125,22878.380859375,25496.55078125,70.75,65.20999908447266,5176.5,18.6299991607666,90.95099639892578
2026-02-27,6878.8798828125,22668.2109375,25178.650390625,72.4800033569336,67.0199966430664,5230.5,19.860000610351562,91.00740051269531
2026-03-02,6881.6201171875,22748.859375,24865.69921875,77.73999786376953,71.2300033569336,5294.39990234375,21.440000534057617,91.07959747314453
2026-03-03,6816.6298828125,22516.689453125,,81.4000015258789,74.55999755859375,5107.39990234375,23.56999969482422,91.56340026855469
2026-03-04,6869.5,22807.48046875,24480.5,81.4000015258789,74.66000366210938,5120.2001953125,21.149999618530273,92.00859832763672
2026-03-05,6830.7099609375,22748.990234375,24765.900390625,85.41000366210938,81.01000213623047,5065.2998046875,23.75,92.12300109863281
2026-03-06,6740.02001953125,22387.6796875,24450.44921875,92.69000244140625,90.9000015258789,5146.10009765625,29.489999771118164,91.78690338134766
2026-03-09,6795.990234375,22695.94921875,24028.05078125,98.95999908447266,94.7699966430664,5091.5,25.5,91.93620300292969
2026-03-10,6781.47998046875,22697.099609375,24261.599609375,87.80000305175781,83.44999694824219,5229.7001953125,24.93000030517578,91.220703125
2026-03-11,6775.7998046875,22716.130859375,23866.849609375,91.9800033569336,87.25,5167.39990234375,24.229999542236328,92.16510009765625
2026-03-12,6672.6201171875,22311.98046875,23639.150390625,100.45999908447266,95.7300033569336,5115.7998046875,27.290000915527344,92.22879791259766
2026-03-13,6632.18994140625,22105.359375,23151.099609375,103.13999938964844,98.70999908447266,5052.5,27.190000534057617,92.38990020751953
2026-03-16,6699.3798828125,22374.1796875,23408.80078125,100.20999908447266,93.5,4994.0,23.510000228881836,92.5635986328125
2026-03-17,6716.08984375,22479.529296875,23581.150390625,103.41999816894531,96.20999908447266,5001.0,22.3700008392334,92.28269958496094
2026-03-18,6624.7001953125,22152.419921875,23777.80078125,107.37999725341797,96.31999969482422,4889.89990234375,25.09000015258789,92.39129638671875
2026-03-19,6606.490234375,22090.689453125,23002.150390625,108.6500015258789,96.13999938964844,4600.7001953125,24.059999465942383,93.24659729003906
2026-03-20,6506.47998046875,21647.609375,23114.5,112.19000244140625,98.31999969482422,4570.39990234375,26.780000686645508,93.0822982788086
2026-03-23,6581.0,21946.759765625,22512.650390625,99.94000244140625,88.12999725341797,4404.10009765625,26.149999618530273,93.89530181884766
2026-03-24,6556.3701171875,21761.890625,22912.400390625,104.48999786376953,92.3499984741211,4399.2998046875,26.950000762939453,93.24369812011719
2026-03-25,6591.89990234375,21929.8203125,23306.44921875,102.22000122070312,90.31999969482422,4549.7998046875,25.329999923706055,94.29969787597656
2026-03-26,6477.16015625,21408.080078125,,108.01000213623047,94.4800033569336,4375.5,27.440000534057617,94.6937026977539
2026-03-27,6368.85009765625,20948.359375,22819.599609375,112.56999969482422,99.63999938964844,4492.0,31.049999237060547,94.30950164794922
2026-03-30,6343.72021484375,20794.640625,22331.400390625,112.77999877929688,102.87999725341797,4526.0,30.610000610351562,94.78179931640625
2026-03-31,6528.52001953125,21590.630859375,,118.3499984741211,101.37999725341797,4647.60009765625,25.25,94.35590362548828
2026-04-01,6575.31982421875,21840.94921875,22679.400390625,101.16000366210938,100.12000274658203,4783.2001953125,24.540000915527344,93.48429870605469
2026-04-02,6582.68994140625,21879.1796875,22713.099609375,109.02999877929688,111.54000091552734,4651.5,23.8700008392334,92.6426010131836
2026-04-03,,,,,,,,92.97360229492188
2026-04-06,6611.830078125,21996.33984375,22968.25,109.7699966430664,112.41000366210938,4656.7998046875,24.170000076293945,92.97100067138672
2026-04-07,6616.85009765625,22017.849609375,23123.650390625,109.2699966430664,112.94999694824219,4657.10009765625,25.780000686645508,92.81659698486328
2026-04-08,6782.81005859375,22634.990234375,23997.349609375,94.75,94.41000366210938,4749.5,21.040000915527344,92.86019897460938
2026-04-09,6824.66015625,22822.419921875,23775.099609375,95.91999816894531,97.87000274658203,4792.2001953125,19.489999771118164,92.2748031616211
